Seq,AOU,English_Common_Name,French_Common_Name,Order,Family,Genus,Species
6,01770,Black-bellied Whistling-Duck,Dendrocygne ą ventre noir,Anseriformes,Anatidae,Dendrocygna,autumnalis
7,01780,Fulvous Whistling-Duck,Dendrocygne fauve,Anseriformes,Anatidae,Dendrocygna,bicolor
8,01760,Emperor Goose,Oie empereur,Anseriformes,Anatidae,Anser,canagicus
9,01690,Snow Goose,Oie des neiges,Anseriformes,Anatidae,Anser,caerulescens
10,01691,(Blue Goose) Snow Goose,Oie des neiges (forme bleue),Anseriformes,Anatidae,Anser,caerulescens (blue form)
11,01700,Ross's Goose,Oie de Ross,Anseriformes,Anatidae,Anser,rossii
12,01710,Greater White-fronted Goose,Oie rieuse,Anseriformes,Anatidae,Anser,albifrons
14,01730,Brant,Bernache cravant,Anseriformes,Anatidae,Branta,bernicla
15,01740,(Black Brant) Brant,Bernache cravant (groupe nigricans),Anseriformes,Anatidae,Branta,bernicla nigricans
17,01725,Cackling Goose,Bernache de Hutchins,Anseriformes,Anatidae,Branta,hutchinsii
18,01720,Canada Goose,Bernache du Canada,Anseriformes,Anatidae,Branta,canadensis
19,01782,Mute Swan,Cygne tuberculé,Anseriformes,Anatidae,Cygnus,olor
20,01810,Trumpeter Swan,Cygne trompette,Anseriformes,Anatidae,Cygnus,buccinator
21,01800,Tundra Swan,Cygne siffleur,Anseriformes,Anatidae,Cygnus,columbianus
23,20630,Egyptian Goose,Ouette d'Égypte,Anseriformes,Anatidae,Alopochen,aegyptiaca
24,10210,Muscovy Duck,Canard musqué,Anseriformes,Anatidae,Cairina,moschata
25,01440,Wood Duck,Canard branchu,Anseriformes,Anatidae,Aix,sponsa
27,01400,Blue-winged Teal,Sarcelle ą ailes bleues,Anseriformes,Anatidae,Spatula,discors
28,01410,Cinnamon Teal,Sarcelle cannelle,Anseriformes,Anatidae,Spatula,cyanoptera
29,01420,Northern Shoveler,Canard souchet,Anseriformes,Anatidae,Spatula,clypeata
30,01350,Gadwall,Canard chipeau,Anseriformes,Anatidae,Mareca,strepera
31,01360,Eurasian Wigeon,Canard siffleur,Anseriformes,Anatidae,Mareca,penelope
32,01370,American Wigeon,Canard d'Amérique,Anseriformes,Anatidae,Mareca,americana
33,01320,Mallard,Canard colvert,Anseriformes,Anatidae,Anas,platyrhynchos
34,01331,Mexican Duck,Canard du Mexique,Anseriformes,Anatidae,Anas,diazi
35,01330,American Black Duck,Canard noir,Anseriformes,Anatidae,Anas,rubripes
36,01340,Mottled Duck,Canard brun,Anseriformes,Anatidae,Anas,fulvigula
37,01326,hybrid Mallard x Black / Mexican / Mottled Duck,hybride Canard colvert x noir / Mexique / brun,Anseriformes,Anatidae,Anas,platyrhynchos x rubripes / diazi / fulvigula
39,01430,Northern Pintail,Canard pilet,Anseriformes,Anatidae,Anas,acuta
40,01390,Green-winged Teal,Sarcelle d'hiver,Anseriformes,Anatidae,Anas,crecca
41,01470,Canvasback,Fuligule ą dos blanc,Anseriformes,Anatidae,Aythya,valisineria
42,01460,Redhead,Fuligule ą tźte rouge,Anseriformes,Anatidae,Aythya,americana
43,01500,Ring-necked Duck,Fuligule ą collier,Anseriformes,Anatidae,Aythya,collaris
44,01491,Tufted Duck,Fuligule morillon,Anseriformes,Anatidae,Aythya,fuligula
45,01480,Greater Scaup,Fuligule milouinan,Anseriformes,Anatidae,Aythya,marila
46,01490,Lesser Scaup,Petit Fuligule,Anseriformes,Anatidae,Aythya,affinis
47,01489,unid. Greater Scaup / Lesser Scaup,unid Fuligule milouinan / Petit Fuligule,Anseriformes,Anatidae,Aythya,marila / affinis
48,01570,Steller's Eider,Eider de Steller,Anseriformes,Anatidae,Polysticta,stelleri
49,01580,Spectacled Eider,Eider ą lunettes,Anseriformes,Anatidae,Somateria,fischeri
50,01620,King Eider,Eider ą tźte grise,Anseriformes,Anatidae,Somateria,spectabilis
51,01590,Common Eider,Eider ą duvet,Anseriformes,Anatidae,Somateria,mollissima
52,01550,Harlequin Duck,Arlequin plongeur,Anseriformes,Anatidae,Histrionicus,histrionicus
53,01660,Surf Scoter,Macreuse ą front blanc,Anseriformes,Anatidae,Melanitta,perspicillata
54,01650,White-winged Scoter,Macreuse ą ailes blanches,Anseriformes,Anatidae,Melanitta,deglandi
56,01630,Black Scoter,Macreuse ą bec jaune,Anseriformes,Anatidae,Melanitta,americana
57,01657,unid. scoter,unid macreuse sp.,Anseriformes,Anatidae,Melanitta,sp.
58,01540,Long-tailed Duck,Harelde kakawi,Anseriformes,Anatidae,Clangula,hyemalis
59,01530,Bufflehead,Petit Garrot,Anseriformes,Anatidae,Bucephala,albeola
60,01510,Common Goldeneye,Garrot ą oeil d'or,Anseriformes,Anatidae,Bucephala,clangula
61,01520,Barrow's Goldeneye,Garrot d'Islande,Anseriformes,Anatidae,Bucephala,islandica
62,01512,unid. Common Goldeneye / Barrow's Goldeneye,unid Garrot ą oeil d'or / Garrot d'Islande,Anseriformes,Anatidae,Bucephala,clangula / islandica
64,01310,Hooded Merganser,Harle couronné,Anseriformes,Anatidae,Lophodytes,cucullatus
65,01290,Common Merganser,Grand Harle,Anseriformes,Anatidae,Mergus,merganser
66,01300,Red-breasted Merganser,Harle huppé,Anseriformes,Anatidae,Mergus,serrator
68,01670,Ruddy Duck,Érismature rousse,Anseriformes,Anatidae,Oxyura,jamaicensis
69,03110,Plain Chachalaca,Ortalide chacamel,Galliformes,Cracidae,Ortalis,vetula
77,02920,Mountain Quail,Colin des montagnes,Galliformes,Odontophoridae,Oreortyx,pictus
82,02890,Northern Bobwhite,Colin de Virginie,Galliformes,Odontophoridae,Colinus,virginianus
84,02930,Scaled Quail,Colin écaillé,Galliformes,Odontophoridae,Callipepla,squamata
86,02940,California Quail,Colin de Californie,Galliformes,Odontophoridae,Callipepla,californica
87,02950,Gambel's Quail,Colin de Gambel,Galliformes,Odontophoridae,Callipepla,gambelii
88,02960,Montezuma Quail,Colin arlequin,Galliformes,Odontophoridae,Cyrtonyx,montezumae
92,03100,Wild Turkey,Dindon sauvage,Galliformes,Phasianidae,Meleagris,gallopavo
94,03000,Ruffed Grouse,Gélinotte huppée,Galliformes,Phasianidae,Bonasa,umbellus
95,02980,Spruce Grouse,Tétras du Canada,Galliformes,Phasianidae,Canachites,canadensis
96,03010,Willow Ptarmigan,Lagopčde des saules,Galliformes,Phasianidae,Lagopus,lagopus
97,03020,Rock Ptarmigan,Lagopčde alpin,Galliformes,Phasianidae,Lagopus,muta
98,03040,White-tailed Ptarmigan,Lagopčde ą queue blanche,Galliformes,Phasianidae,Lagopus,leucura
99,03090,Greater Sage-Grouse,Tétras des armoises,Galliformes,Phasianidae,Centrocercus,urophasianus
100,03089,Gunnison Sage-Grouse,Tétras du Gunnison,Galliformes,Phasianidae,Centrocercus,minimus
101,02970,Dusky Grouse,Tétras sombre,Galliformes,Phasianidae,Dendragapus,obscurus
102,02971,Sooty Grouse,Tétras fuligineux,Galliformes,Phasianidae,Dendragapus,fuliginosus
103,02973,unid. Dusky Grouse / Sooty Grouse,unid Tétras sombre / Tétras fuligineux,Galliformes,Phasianidae,Dendragapus,obscurus / fuliginosus
104,03080,Sharp-tailed Grouse,Tétras ą queue fine,Galliformes,Phasianidae,Tympanuchus,phasianellus
105,03050,Greater Prairie-Chicken,Tétras des prairies,Galliformes,Phasianidae,Tympanuchus,cupido
106,03070,Lesser Prairie-Chicken,Tétras pāle,Galliformes,Phasianidae,Tympanuchus,pallidicinctus
107,02881,Gray Partridge,Perdrix grise,Galliformes,Phasianidae,Perdix,perdix
108,03091,Ring-necked Pheasant,Faisan de Colchide,Galliformes,Phasianidae,Phasianus,colchicus
109,03095,Indian Peafowl,Paon bleu,Galliformes,Phasianidae,Pavo,cristatus
111,02882,Chukar,Perdrix choukar,Galliformes,Phasianidae,Alectoris,chukar
113,00050,Least Grebe,Grčbe minime,Podicipediformes,Podicipedidae,Tachybaptus,dominicus
114,00060,Pied-billed Grebe,Grčbe ą bec bigarré,Podicipediformes,Podicipedidae,Podilymbus,podiceps
115,00030,Horned Grebe,Grčbe esclavon,Podicipediformes,Podicipedidae,Podiceps,auritus
116,00020,Red-necked Grebe,Grčbe jougris,Podicipediformes,Podicipedidae,Podiceps,grisegena
117,00040,Eared Grebe,Grčbe ą cou noir,Podicipediformes,Podicipedidae,Podiceps,nigricollis
118,00010,Western Grebe,Grčbe élégant,Podicipediformes,Podicipedidae,Aechmophorus,occidentalis
119,00011,Clark's Grebe,Grčbe ą face blanche,Podicipediformes,Podicipedidae,Aechmophorus,clarkii
120,00012,unid. Western Grebe / Clark's Grebe,unid Grčbe élégant / Grčbe ą face blanche,Podicipediformes,Podicipedidae,Aechmophorus,occidentalis / clarkii
121,03131,Rock Pigeon,Pigeon biset,Columbiformes,Columbidae,Columba,livia
125,03140,White-crowned Pigeon,Pigeon ą couronne blanche,Columbiformes,Columbidae,Patagioenas,leucocephala
126,03130,Red-billed Pigeon,Pigeon ą bec rouge,Columbiformes,Columbidae,Patagioenas,flavirostris
127,03120,Band-tailed Pigeon,Pigeon ą queue barrée,Columbiformes,Columbidae,Patagioenas,fasciata
129,03152,African Collared-Dove (a.k.a. Ringed Turtle-Dove),Tourterelle rieuse,Columbiformes,Columbidae,Streptopelia,roseogrisea
130,22860,Eurasian Collared-Dove,Tourterelle turque,Columbiformes,Columbidae,Streptopelia,decaocto
131,03151,Spotted Dove,Tourterelle tigrine,Columbiformes,Columbidae,Streptopelia,chinensis
132,03210,Inca Dove,Colombe inca,Columbiformes,Columbidae,Columbina,inca
133,03200,Common Ground Dove,Colombe ą queue noire,Columbiformes,Columbidae,Columbina,passerina
135,03201,Ruddy Ground Dove,Colombe rousse,Columbiformes,Columbidae,Columbina,talpacoti
140,03180,White-tipped Dove,Colombe de Verreaux,Columbiformes,Columbidae,Leptotila,verreauxi
146,03190,White-winged Dove,Tourterelle ą ailes blanches,Columbiformes,Columbidae,Zenaida,asiatica
148,03160,Mourning Dove,Tourterelle triste,Columbiformes,Columbidae,Zenaida,macroura
150,03830,Smooth-billed Ani,Ani ą bec lisse,Cuculiformes,Cuculidae,Crotophaga,ani
151,03840,Groove-billed Ani,Ani ą bec cannelé,Cuculiformes,Cuculidae,Crotophaga,sulcirostris
156,03850,Greater Roadrunner,Grand Géocoucou,Cuculiformes,Cuculidae,Geococcyx,californianus
158,03870,Yellow-billed Cuckoo,Coulicou ą bec jaune,Cuculiformes,Cuculidae,Coccyzus,americanus
159,03860,Mangrove Cuckoo,Coulicou manioc,Cuculiformes,Cuculidae,Coccyzus,minor
160,03880,Black-billed Cuckoo,Coulicou ą bec noir,Cuculiformes,Cuculidae,Coccyzus,erythropthalmus
161,03875,unid. Yellow-billed Cuckoo / Black-billed Cuckoo,unid Coulicou ą bec jaune / Coulicou ą bec noir,Cuculiformes,Cuculidae,Coccyzus,americanus / erythropthalmus
163,04210,Lesser Nighthawk,Engoulevent minime,Caprimulgiformes,Caprimulgidae,Chordeiles,acutipennis
164,04200,Common Nighthawk,Engoulevent d'Amérique,Caprimulgiformes,Caprimulgidae,Chordeiles,minor
165,04201,Antillean Nighthawk,Engoulevent piramidig,Caprimulgiformes,Caprimulgidae,Chordeiles,gundlachii
166,04205,unid. Lesser Nighthawk / Common Nighthawk,unid Engoulevent minime / Engoulevent d'Amérique,Caprimulgiformes,Caprimulgidae,Chordeiles,acutipennis / minor
167,04206,unid. Common Nighthawk / Antillean Nighthawk,unid Engoulevent d'Amérique / piramidig,Caprimulgiformes,Caprimulgidae,Chordeiles,minor / gundlachii
168,04190,Common Pauraque,Engoulevent pauraqué,Caprimulgiformes,Caprimulgidae,Nyctidromus,albicollis
169,04180,Common Poorwill,Engoulevent de Nuttall,Caprimulgiformes,Caprimulgidae,Phalaenoptilus,nuttallii
172,04160,Chuck-will's-widow,Engoulevent de Caroline,Caprimulgiformes,Caprimulgidae,Antrostomus,carolinensis
176,04171,Eastern Whip-poor-will,Engoulevent bois-pourri,Caprimulgiformes,Caprimulgidae,Antrostomus,vociferus
177,04172,Mexican Whip-poor-will,Engoulevent d'Arizona,Caprimulgiformes,Caprimulgidae,Antrostomus,arizonae
181,04220,Black Swift,Martinet sombre,Apodiformes,Apodidae,Cypseloides,niger
186,04230,Chimney Swift,Martinet ramoneur,Apodiformes,Apodidae,Chaetura,pelagica
187,04240,Vaux's Swift,Martinet de Vaux,Apodiformes,Apodidae,Chaetura,vauxi
188,04250,White-throated Swift,Martinet ą gorge blanche,Apodiformes,Apodidae,Aeronautes,saxatalis
201,04260,Rivoli's Hummingbird,Colibri de Rivoli,Apodiformes,Trochilidae,Eugenes,fulgens
206,04270,Blue-throated Mountain-gem,Colibri ą gorge bleue,Apodiformes,Trochilidae,Lampornis,clemenciae
211,04370,Lucifer Hummingbird,Colibri lucifer,Apodiformes,Trochilidae,Calothorax,lucifer
213,04280,Ruby-throated Hummingbird,Colibri ą gorge rubis,Apodiformes,Trochilidae,Archilochus,colubris
214,04290,Black-chinned Hummingbird,Colibri ą gorge noire,Apodiformes,Trochilidae,Archilochus,alexandri
215,04295,unid. Ruby-throated / Black-chinned Hummingbird,unid Colibri ą gorge rubis / Colibri ą gorge noire,Apodiformes,Trochilidae,Archilochus,colubris / alexandri
217,04310,Anna's Hummingbird,Colibri d'Anna,Apodiformes,Trochilidae,Calypte,anna
218,04300,Costa's Hummingbird,Colibri de Costa,Apodiformes,Trochilidae,Calypte,costae
219,04360,Calliope Hummingbird,Colibri calliope,Apodiformes,Trochilidae,Selasphorus,calliope
220,04330,Rufous Hummingbird,Colibri roux,Apodiformes,Trochilidae,Selasphorus,rufus
221,04340,Allen's Hummingbird,Colibri d'Allen,Apodiformes,Trochilidae,Selasphorus,sasin
222,04335,unid. Rufous Hummingbird / Allen's Hummingbird,unid Colibri roux / Colibri d'Allen,Apodiformes,Trochilidae,Selasphorus,rufus / sasin
223,04402,unid. hummingbird,unid Colibri sp.,Apodiformes,Trochilidae,Trochilid,sp.
224,04320,Broad-tailed Hummingbird,Colibri ą queue large,Apodiformes,Trochilidae,Selasphorus,platycercus
228,04410,Broad-billed Hummingbird,Colibri circé,Apodiformes,Trochilidae,Cynanthus,latirostris
245,04391,Violet-crowned Hummingbird,Ariane ą couronne violette,Apodiformes,Trochilidae,Ramosomyia,violiceps
251,04390,Buff-bellied Hummingbird,Ariane du Yucatan,Apodiformes,Trochilidae,Amazilia,yucatanensis
260,02111,Ridgway's Rail,Rāle de Californie,Gruiformes,Rallidae,Rallus,obsoletus
262,02080,King Rail,Rāle élégant,Gruiformes,Rallidae,Rallus,elegans
263,02110,Clapper Rail,Rāle tapageur,Gruiformes,Rallidae,Rallus,crepitans
264,02090,unid. Clapper / King Rail,unid Rāle élégant / Rāle Gris,Gruiformes,Rallidae,Rallus,crepitans / elegans
265,02120,Virginia Rail,Rāle de Virginie,Gruiformes,Rallidae,Rallus,limicola
266,02140,Sora,Marouette de Caroline,Gruiformes,Rallidae,Porzana,carolina
267,02190,Common Gallinule,Gallinule d'Amérique,Gruiformes,Rallidae,Gallinula,galeata
268,02210,American Coot,Foulque d'Amérique,Gruiformes,Rallidae,Fulica,americana
269,02180,Purple Gallinule,Talčve violacée,Gruiformes,Rallidae,Porphyrio,martinicus
270,21930,Purple Swamphen,Talčve sultane,Gruiformes,Rallidae,Porphyrio,porphyrio
271,02150,Yellow Rail,Rāle jaune,Gruiformes,Rallidae,Coturnicops,noveboracensis
275,02160,Black Rail,Rāle noir,Gruiformes,Rallidae,Laterallus,jamaicensis
277,02070,Limpkin,Courlan brun,Gruiformes,Aramidae,Aramus,guarauna
278,02060,Sandhill Crane,Grue du Canada,Gruiformes,Gruidae,Antigone,canadensis
279,02040,Whooping Crane,Grue blanche,Gruiformes,Gruidae,Grus,americana
281,02260,Black-necked Stilt,Échasse d'Amérique,Charadriiformes,Recurvirostridae,Himantopus,mexicanus
282,02250,American Avocet,Avocette d'Amérique,Charadriiformes,Recurvirostridae,Recurvirostra,americana
283,02860,American Oystercatcher,Huītrier d'Amérique,Charadriiformes,Haematopodidae,Haematopus,palliatus
284,02870,Black Oystercatcher,Huītrier de Bachman,Charadriiformes,Haematopodidae,Haematopus,bachmani
285,02700,Black-bellied Plover,Pluvier argenté,Charadriiformes,Charadriidae,Pluvialis,squatarola
287,02720,American Golden-Plover,Pluvier bronzé,Charadriiformes,Charadriidae,Pluvialis,dominica
288,02721,Pacific Golden-Plover,Pluvier fauve,Charadriiformes,Charadriidae,Pluvialis,fulva
290,02730,Killdeer,Pluvier kildir,Charadriiformes,Charadriidae,Charadrius,vociferus
291,02750,Common Ringed Plover,Pluvier grand-gravelot,Charadriiformes,Charadriidae,Charadrius,hiaticula
292,02740,Semipalmated Plover,Pluvier semipalmé,Charadriiformes,Charadriidae,Charadrius,semipalmatus
293,02770,Piping Plover,Pluvier siffleur,Charadriiformes,Charadriidae,Charadrius,melodus
296,02800,Wilson's Plover,Pluvier de Wilson,Charadriiformes,Charadriidae,Anarhynchus,wilsonia
298,02810,Mountain Plover,Pluvier montagnard,Charadriiformes,Charadriidae,Anarhynchus,montanus
299,02780,Snowy Plover,Pluvier neigeux,Charadriiformes,Charadriidae,Anarhynchus,nivosus
301,02610,Upland Sandpiper,Maubčche des champs,Charadriiformes,Scolopacidae,Bartramia,longicauda
302,02680,Bristle-thighed Curlew,Courlis d'Alaska,Charadriiformes,Scolopacidae,Numenius,tahitiensis
303,02650,Whimbrel,Courlis corlieu,Charadriiformes,Scolopacidae,Numenius,phaeopus
304,02640,Long-billed Curlew,Courlis ą long bec,Charadriiformes,Scolopacidae,Numenius,americanus
306,02500,Bar-tailed Godwit,Barge rousse,Charadriiformes,Scolopacidae,Limosa,lapponica
308,02510,Hudsonian Godwit,Barge hudsonienne,Charadriiformes,Scolopacidae,Limosa,haemastica
309,02490,Marbled Godwit,Barge marbrée,Charadriiformes,Scolopacidae,Limosa,fedoa
310,02830,Ruddy Turnstone,Tournepierre ą collier,Charadriiformes,Scolopacidae,Arenaria,interpres
311,02840,Black Turnstone,Tournepierre noir,Charadriiformes,Scolopacidae,Arenaria,melanocephala
312,02340,Red Knot,Bécasseau maubčche,Charadriiformes,Scolopacidae,Calidris,canutus
313,02820,Surfbird,Bécasseau du ressac,Charadriiformes,Scolopacidae,Calidris,virgata
314,02600,Ruff,Combattant varié,Charadriiformes,Scolopacidae,Calidris,pugnax
315,02380,Sharp-tailed Sandpiper,Bécasseau ą queue pointue,Charadriiformes,Scolopacidae,Calidris,acuminata
316,02330,Stilt Sandpiper,Bécasseau ą échasses,Charadriiformes,Scolopacidae,Calidris,himantopus
319,02422,Red-necked Stint,Bécasseau ą col roux,Charadriiformes,Scolopacidae,Calidris,ruficollis
320,02480,Sanderling,Bécasseau sanderling,Charadriiformes,Scolopacidae,Calidris,alba
321,02430,Dunlin,Bécasseau variable,Charadriiformes,Scolopacidae,Calidris,alpina
322,02356,Rock Sandpiper,Bécasseau des Aléoutiennes,Charadriiformes,Scolopacidae,Calidris,ptilocnemis
323,02350,Purple Sandpiper,Bécasseau violet,Charadriiformes,Scolopacidae,Calidris,maritima
324,02410,Baird's Sandpiper,Bécasseau de Baird,Charadriiformes,Scolopacidae,Calidris,bairdii
326,02420,Least Sandpiper,Bécasseau minuscule,Charadriiformes,Scolopacidae,Calidris,minutilla
327,02400,White-rumped Sandpiper,Bécasseau ą croupion blanc,Charadriiformes,Scolopacidae,Calidris,fuscicollis
328,02620,Buff-breasted Sandpiper,Bécasseau roussātre,Charadriiformes,Scolopacidae,Calidris,subruficollis
329,02390,Pectoral Sandpiper,Bécasseau ą poitrine cendrée,Charadriiformes,Scolopacidae,Calidris,melanotos
330,02460,Semipalmated Sandpiper,Bécasseau semipalmé,Charadriiformes,Scolopacidae,Calidris,pusilla
331,02470,Western Sandpiper,Bécasseau d'Alaska,Charadriiformes,Scolopacidae,Calidris,mauri
332,02429,unid. small ''peep'' sandpiper,unid petit Bécasseau sp.,Charadriiformes,Scolopacidae,Calidris,sp.
333,02310,Short-billed Dowitcher,Bécassin roux,Charadriiformes,Scolopacidae,Limnodromus,griseus
334,02320,Long-billed Dowitcher,Bécassin ą long bec,Charadriiformes,Scolopacidae,Limnodromus,scolopaceus
335,02327,unid. Short-billed / Long-billed Dowitcher,unid Bécassin roux / Bécassin ą long bec,Charadriiformes,Scolopacidae,Limnodromus,griseus / scolopaceus
336,02280,American Woodcock,Bécasse d'Amérique,Charadriiformes,Scolopacidae,Scolopax,minor
338,02300,Wilson's Snipe,Bécassine de Wilson,Charadriiformes,Scolopacidae,Gallinago,delicata
340,02631,Common Sandpiper,Chevalier guignette,Charadriiformes,Scolopacidae,Actitis,hypoleucos
341,02630,Spotted Sandpiper,Chevalier grivelé,Charadriiformes,Scolopacidae,Actitis,macularius
342,02560,Solitary Sandpiper,Chevalier solitaire,Charadriiformes,Scolopacidae,Tringa,solitaria
344,02590,Wandering Tattler,Chevalier errant,Charadriiformes,Scolopacidae,Tringa,incana
345,02550,Lesser Yellowlegs,Petit Chevalier,Charadriiformes,Scolopacidae,Tringa,flavipes
346,02580,Willet,Chevalier semipalmé,Charadriiformes,Scolopacidae,Tringa,semipalmata
348,02530,Common Greenshank,Chevalier aboyeur,Charadriiformes,Scolopacidae,Tringa,nebularia
349,02540,Greater Yellowlegs,Grand Chevalier,Charadriiformes,Scolopacidae,Tringa,melanoleuca
350,02555,unid. Greater Yellowlegs / Lesser Yellowlegs,unid Grand Chevalier / Petit Chevalier,Charadriiformes,Scolopacidae,Tringa,melanoleuca / flavipes
352,02240,Wilson's Phalarope,Phalarope de Wilson,Charadriiformes,Scolopacidae,Phalaropus,tricolor
353,02230,Red-necked Phalarope,Phalarope ą bec étroit,Charadriiformes,Scolopacidae,Phalaropus,lobatus
354,02220,Red Phalarope,Phalarope ą bec large,Charadriiformes,Scolopacidae,Phalaropus,fulicarius
357,00360,Pomarine Jaeger,Labbe pomarin,Charadriiformes,Stercorariidae,Stercorarius,pomarinus
358,00370,Parasitic Jaeger,Labbe parasite,Charadriiformes,Stercorariidae,Stercorarius,parasiticus
359,00380,Long-tailed Jaeger,Labbe ą longue queue,Charadriiformes,Stercorariidae,Stercorarius,longicaudus
361,00300,Common Murre,Guillemot marmette,Charadriiformes,Alcidae,Uria,aalge
362,00310,Thick-billed Murre,Guillemot de Brünnich,Charadriiformes,Alcidae,Uria,lomvia
363,00315,unid. Common Murre / Thick-billed Murre,unid Guillemot marmette / Guillemot de Brünnich,Charadriiformes,Alcidae,Uria,aalge / lomvia
364,00320,Razorbill,Petit Pingouin,Charadriiformes,Alcidae,Alca,torda
365,00270,Black Guillemot,Guillemot ą miroir,Charadriiformes,Alcidae,Cepphus,grylle
366,00290,Pigeon Guillemot,Guillemot colombin,Charadriiformes,Alcidae,Cepphus,columba
367,00230,Marbled Murrelet,Guillemot marbré,Charadriiformes,Alcidae,Brachyramphus,marmoratus
368,00240,Kittlitz's Murrelet,Guillemot de Kittlitz,Charadriiformes,Alcidae,Brachyramphus,brevirostris
372,00210,Ancient Murrelet,Guillemot ą cou blanc,Charadriiformes,Alcidae,Synthliboramphus,antiquus
373,00160,Cassin's Auklet,Starique de Cassin,Charadriiformes,Alcidae,Ptychoramphus,aleuticus
378,00150,Rhinoceros Auklet,Macareux rhinocéros,Charadriiformes,Alcidae,Cerorhinca,monocerata
380,00140,Horned Puffin,Macareux cornu,Charadriiformes,Alcidae,Fratercula,corniculata
381,00120,Tufted Puffin,Macareux huppé,Charadriiformes,Alcidae,Fratercula,cirrhata
382,00400,Black-legged Kittiwake,Mouette tridactyle,Charadriiformes,Laridae,Rissa,tridactyla
384,00390,Ivory Gull,Mouette blanche,Charadriiformes,Laridae,Pagophila,eburnea
385,00620,Sabine's Gull,Mouette de Sabine,Charadriiformes,Laridae,Xema,sabini
386,00600,Bonaparte's Gull,Mouette de Bonaparte,Charadriiformes,Laridae,Chroicocephalus,philadelphia
387,00551,Black-headed Gull,Mouette rieuse,Charadriiformes,Laridae,Chroicocephalus,ridibundus
388,00601,Little Gull,Mouette pygmée,Charadriiformes,Laridae,Hydrocoloeus,minutus
389,00610,Ross's Gull,Mouette rosée,Charadriiformes,Laridae,Rhodostethia,rosea
390,00580,Laughing Gull,Mouette atricille,Charadriiformes,Laridae,Leucophaeus,atricilla
391,00590,Franklin's Gull,Mouette de Franklin,Charadriiformes,Laridae,Leucophaeus,pipixcan
392,00570,Heermann's Gull,Goéland de Heermann,Charadriiformes,Laridae,Larus,heermanni
393,00550,Short-billed Gull,Goéland ą bec court,Charadriiformes,Laridae,Larus,brachyrhynchus
394,00540,Ring-billed Gull,Goéland ą bec cerclé,Charadriiformes,Laridae,Larus,delawarensis
395,00490,Western Gull,Goéland d'Audubon,Charadriiformes,Laridae,Larus,occidentalis
397,00530,California Gull,Goéland de Californie,Charadriiformes,Laridae,Larus,californicus
398,00510,Herring Gull,Goéland argenté,Charadriiformes,Laridae,Larus,argentatus
399,00430,Iceland Gull,Goéland arctique,Charadriiformes,Laridae,Larus,glaucoides
400,00500,Lesser Black-backed Gull,Goéland brun,Charadriiformes,Laridae,Larus,fuscus
401,00480,Slaty-backed Gull,Goéland ą manteau ardoisé,Charadriiformes,Laridae,Larus,schistisagus
402,00440,Glaucous-winged Gull,Goéland ą ailes grises,Charadriiformes,Laridae,Larus,glaucescens
403,00495,hybrid Western Gull x Glaucous-winged Gull,hybride Goéland ą ailes grises x d'Audubon,Charadriiformes,Laridae,Larus,occidentalis x glaucescens
404,00420,Glaucous Gull,Goéland bourgmestre,Charadriiformes,Laridae,Larus,hyperboreus
405,00470,Great Black-backed Gull,Goéland marin,Charadriiformes,Laridae,Larus,marinus
407,00534,unid. gull,unid Goéland sp.,Charadriiformes,Laridae,Gull,sp.
413,00730,Aleutian Tern,Sterne des Aléoutiennes,Charadriiformes,Laridae,Onychoprion,aleuticus
414,00740,Least Tern,Petite Sterne,Charadriiformes,Laridae,Sternula,antillarum
415,00630,Gull-billed Tern,Sterne hansel,Charadriiformes,Laridae,Gelochelidon,nilotica
416,00640,Caspian Tern,Sterne caspienne,Charadriiformes,Laridae,Hydroprogne,caspia
417,00770,Black Tern,Guifette noire,Charadriiformes,Laridae,Chlidonias,niger
418,00720,Roseate Tern,Sterne de Dougall,Charadriiformes,Laridae,Sterna,dougallii
419,00700,Common Tern,Sterne pierregarin,Charadriiformes,Laridae,Sterna,hirundo
420,00710,Arctic Tern,Sterne arctique,Charadriiformes,Laridae,Sterna,paradisaea
421,00690,Forster's Tern,Sterne de Forster,Charadriiformes,Laridae,Sterna,forsteri
422,00650,Royal Tern,Sterne royale,Charadriiformes,Laridae,Thalasseus,maximus
423,00670,Sandwich Tern,Sterne caugek,Charadriiformes,Laridae,Thalasseus,sandvicensis
424,00660,Elegant Tern,Sterne élégante,Charadriiformes,Laridae,Thalasseus,elegans
425,00634,unid. tern,unid Sterne sp.,Charadriiformes,Laridae,Tern,sp.
426,00800,Black Skimmer,Bec-en-ciseaux noir,Charadriiformes,Laridae,Rynchops,niger
429,01130,Red-billed Tropicbird,Phaéton ą bec rouge,Phaethontiformes,Phaethontidae,Phaethon,aethereus
431,00110,Red-throated Loon,Plongeon catmarin,Gaviiformes,Gaviidae,Gavia,stellata
432,00090,Arctic Loon,Plongeon arctique,Gaviiformes,Gaviidae,Gavia,arctica
433,00100,Pacific Loon,Plongeon du Pacifique,Gaviiformes,Gaviidae,Gavia,pacifica
434,00070,Common Loon,Plongeon huard,Gaviiformes,Gaviidae,Gavia,immer
435,00080,Yellow-billed Loon,Plongeon ą bec blanc,Gaviiformes,Gaviidae,Gavia,adamsii
436,00077,unid. loon,plongeon sp.,Gaviiformes,Gaviidae,Gavia,sp.
443,01060,Leach's Storm-Petrel,Océanite cul-blanc,Procellariiformes,Hydrobatidae,Hydrobates,leucorhous
452,00860,Northern Fulmar,Fulmar boréal,Procellariiformes,Procellariidae,Fulmarus,glacialis
466,00880,Cory's Shearwater,Puffin cendré,Procellariiformes,Procellariidae,Calonectris,borealis
477,00900,Manx Shearwater,Puffin des Anglais,Procellariiformes,Procellariidae,Puffinus,puffinus
483,01880,Wood Stork,Tantale d'Amérique,Ciconiiformes,Ciconiidae,Mycteria,americana
484,01280,Magnificent Frigatebird,Frégate superbe,Suliformes,Fregatidae,Fregata,magnificens
486,01140,Masked Booby,Fou masqué,Suliformes,Sulidae,Sula,dactylatra
488,01141,Blue-footed Booby,Fou ą pieds bleus,Suliformes,Sulidae,Sula,nebouxii
489,01150,Brown Booby,Fou brun,Suliformes,Sulidae,Sula,leucogaster
492,01170,Northern Gannet,Fou de Bassan,Suliformes,Sulidae,Morus,bassanus
493,01180,Anhinga,Anhinga d'Amérique,Suliformes,Anhingidae,Anhinga,anhinga
494,01220,Brandt's Cormorant,Cormoran de Brandt,Suliformes,Phalacrocoracidae,Urile,penicillatus
496,01230,Pelagic Cormorant,Cormoran pélagique,Suliformes,Phalacrocoracidae,Urile,pelagicus
497,01207,unid. west coast cormorant,unid Cormoran de la cōte ouest,Suliformes,Phalacrocoracidae,Urile,sp.
498,01190,Great Cormorant,Grand Cormoran,Suliformes,Phalacrocoracidae,Phalacrocorax,carbo
499,01200,Double-crested Cormorant,Cormoran ą aigrettes,Suliformes,Phalacrocoracidae,Nannopterum,auritum
500,01206,unid. Double-crested Cormorant / Great Cormorant,Cormoran ą aigrettes / Grand Cormoran,Suliformes,Phalacrocoracidae,Nannopterum,auritus / carbo
501,01210,Neotropic Cormorant,Cormoran vigua,Suliformes,Phalacrocoracidae,Nannopterum,brasilianum
502,01205,unid. Neotropic / Double-crested Cormorant,Cormoran vigua / Cormoran ą aigrettes,Suliformes,Phalacrocoracidae,Nannopterum,brasilianum / auritum
503,01250,American White Pelican,Pélican d'Amérique,Pelecaniformes,Pelecanidae,Pelecanus,erythrorhynchos
504,01260,Brown Pelican,Pélican brun,Pelecaniformes,Pelecanidae,Pelecanus,occidentalis
507,01945,unid. heron / egret,unid héron / aigrette sp.,Pelecaniformes,Ardeidae,Ardeid,sp.
509,01910,Least Bittern,Petit Blongios,Pelecaniformes,Ardeidae,Botaurus,exilis
510,01900,American Bittern,Butor d'Amérique,Pelecaniformes,Ardeidae,Botaurus,lentiginosus
512,02000,Little Blue Heron,Aigrette bleue,Pelecaniformes,Ardeidae,Egretta,caerulea
513,01990,Tricolored Heron,Aigrette tricolore,Pelecaniformes,Ardeidae,Egretta,tricolor
514,01980,Reddish Egret,Aigrette roussātre,Pelecaniformes,Ardeidae,Egretta,rufescens
515,01970,Snowy Egret,Aigrette neigeuse,Pelecaniformes,Ardeidae,Egretta,thula
516,01961,Little Egret,Aigrette garzette,Pelecaniformes,Ardeidae,Egretta,garzetta
517,02030,Yellow-crowned Night Heron,Bihoreau violacé,Pelecaniformes,Ardeidae,Nyctanassa,violacea
518,02020,Black-crowned Night Heron,Bihoreau gris,Pelecaniformes,Ardeidae,Nycticorax,nycticorax
519,02035,unid Black-crowned / Yellow-crowned Night Heron,unid Bihoreau gris / Bihoreau violacé,Pelecaniformes,Ardeidae,Nycticorax / Nyctanassa,nycticorax / violacea
520,02010,Green Heron,Héron vert,Pelecaniformes,Ardeidae,Butorides,virescens
521,01960,Great Egret,Grande Aigrette,Pelecaniformes,Ardeidae,Ardea,alba
522,02001,Western Cattle-Egret,Héron garde-boeufs,Pelecaniformes,Ardeidae,Ardea,ibis
523,01940,Great Blue Heron,Grand Héron,Pelecaniformes,Ardeidae,Ardea,herodias
524,01920,(Great White Heron) Great Blue Heron,Grand Héron (blanche),Pelecaniformes,Ardeidae,Ardea,herodias occidentalis
525,01840,White Ibis,Ibis blanc,Pelecaniformes,Threskiornithidae,Eudocimus,albus
526,01860,Glossy Ibis,Ibis falcinelle,Pelecaniformes,Threskiornithidae,Plegadis,falcinellus
527,01870,White-faced Ibis,Ibis ą face blanche,Pelecaniformes,Threskiornithidae,Plegadis,chihi
528,01861,unid. Glossy Ibis / White-faced Ibis,unid Ibis falcinelle / Ibis ą face blanche,Pelecaniformes,Threskiornithidae,Plegadis,falcinellus / chihi
529,01830,Roseate Spoonbill,Spatule rosée,Pelecaniformes,Threskiornithidae,Platalea,ajaja
530,03240,California Condor,Condor de Californie,Cathartiformes,Cathartidae,Gymnogyps,californianus
532,03260,Black Vulture,Urubu noir,Cathartiformes,Cathartidae,Coragyps,atratus
533,03250,Turkey Vulture,Urubu ą tźte rouge,Cathartiformes,Cathartidae,Cathartes,aura
534,03255,unid. Black Vulture / Turkey Vulture,unid Urubu noir / Urubu ą tźte rouge,Cathartiformes,Cathartidae,Coragyps / Cathartes,atratus / aura
536,03640,Osprey,Balbuzard pźcheur,Accipitriformes,Pandionidae,Pandion,haliaetus
537,03280,White-tailed Kite,Élanion ą queue blanche,Accipitriformes,Accipitridae,Elanus,leucurus
538,03271,Hook-billed Kite,Bec-en-croc de Temminck,Accipitriformes,Accipitridae,Chondrohierax,uncinatus
540,03270,Swallow-tailed Kite,Naucler ą queue fourchue,Accipitriformes,Accipitridae,Elanoides,forficatus
543,03490,Golden Eagle,Aigle royal,Accipitriformes,Accipitridae,Aquila,chrysaetos
548,03310,Northern Harrier,Busard des marais,Accipitriformes,Accipitridae,Circus,hudsonius
549,03320,Sharp-shinned Hawk,Épervier brun,Accipitriformes,Accipitridae,Accipiter,striatus
550,03330,Cooper's Hawk,Épervier de Cooper,Accipitriformes,Accipitridae,Accipiter,cooperii
552,03340,American Goshawk,Autour d’Amérique,Accipitriformes,Accipitridae,Accipiter,atricapillus
553,03333,unid. Accipiter hawk,unid épervier sp.,Accipitriformes,Accipitridae,Accipiter,sp.
554,03520,Bald Eagle,Pygargue ą tźte blanche,Accipitriformes,Accipitridae,Haliaeetus,leucocephalus
556,03290,Mississippi Kite,Milan du Mississippi,Accipitriformes,Accipitridae,Ictinia,mississippiensis
560,03300,Snail Kite,Milan des marais,Accipitriformes,Accipitridae,Rostrhamus,sociabilis
561,03450,Common Black Hawk,Buse noire,Accipitriformes,Accipitridae,Buteogallus,anthracinus
565,03350,Harris's Hawk,Buse de Harris,Accipitriformes,Accipitridae,Parabuteo,unicinctus
566,03410,White-tailed Hawk,Buse ą queue blanche,Accipitriformes,Accipitridae,Geranoaetus,albicaudatus
568,03460,Gray Hawk,Buse grise,Accipitriformes,Accipitridae,Buteo,plagiatus
569,03390,Red-shouldered Hawk,Buse ą épaulettes,Accipitriformes,Accipitridae,Buteo,lineatus
570,03430,Broad-winged Hawk,Petite Buse,Accipitriformes,Accipitridae,Buteo,platypterus
571,03440,Short-tailed Hawk,Buse ą queue courte,Accipitriformes,Accipitridae,Buteo,brachyurus
572,03420,Swainson's Hawk,Buse de Swainson,Accipitriformes,Accipitridae,Buteo,swainsoni
573,03400,Zone-tailed Hawk,Buse ą queue barrée,Accipitriformes,Accipitridae,Buteo,albonotatus
574,03370,Red-tailed Hawk,Buse ą queue rousse,Accipitriformes,Accipitridae,Buteo,jamaicensis
575,03380,(Harlan's Hawk) Red-tailed Hawk,Buse ą queue rousse (groupe harlani),Accipitriformes,Accipitridae,Buteo,jamaicensis harlani
576,03470,Rough-legged Hawk,Buse pattue,Accipitriformes,Accipitridae,Buteo,lagopus
577,03480,Ferruginous Hawk,Buse rouilleuse,Accipitriformes,Accipitridae,Buteo,regalis
578,03451,unid. Buteo hawk,unid Buse sp.,Accipitriformes,Accipitridae,Buteo,sp.
579,03650,American Barn Owl,Effraie d’Amérique,Strigiformes,Tytonidae,Tyto,furcata
580,03740,Flammulated Owl,Petit-duc nain,Strigiformes,Strigidae,Psiloscops,flammeolus
581,03731,Whiskered Screech-Owl,Petit-duc ą moustaches,Strigiformes,Strigidae,Megascops,trichopsis
584,03732,Western Screech-Owl,Petit-duc des montagnes,Strigiformes,Strigidae,Megascops,kennicottii
585,03730,Eastern Screech-Owl,Petit-duc maculé,Strigiformes,Strigidae,Megascops,asio
590,03750,Great Horned Owl,Grand-duc d'Amérique,Strigiformes,Strigidae,Bubo,virginianus
591,03760,Snowy Owl,Harfang des neiges,Strigiformes,Strigidae,Bubo,scandiacus
592,03770,Northern Hawk Owl,Chouette épervičre,Strigiformes,Strigidae,Surnia,ulula
593,03790,Northern Pygmy-Owl,Chevźchette naine,Strigiformes,Strigidae,Glaucidium,gnoma
597,03800,Ferruginous Pygmy-Owl,Chevźchette brune,Strigiformes,Strigidae,Glaucidium,brasilianum
598,03810,Elf Owl,Chevźchette des saguaros,Strigiformes,Strigidae,Micrathene,whitneyi
599,03780,Burrowing Owl,Chevźche des terriers,Strigiformes,Strigidae,Athene,cunicularia
600,03690,Spotted Owl,Chouette tachetée,Strigiformes,Strigidae,Strix,occidentalis
601,03680,Barred Owl,Chouette rayée,Strigiformes,Strigidae,Strix,varia
606,03700,Great Gray Owl,Chouette lapone,Strigiformes,Strigidae,Strix,nebulosa
607,03660,Long-eared Owl,Hibou moyen-duc,Strigiformes,Strigidae,Asio,otus
609,03670,Short-eared Owl,Hibou des marais,Strigiformes,Strigidae,Asio,flammeus
611,03710,Boreal Owl,Nyctale de Tengmalm,Strigiformes,Strigidae,Aegolius,funereus
612,03720,Northern Saw-whet Owl,Petite Nyctale,Strigiformes,Strigidae,Aegolius,acadicus
618,03890,Elegant Trogon,Trogon élégant,Trogoniformes,Trogonidae,Trogon,elegans
630,03901,Ringed Kingfisher,Martin-pźcheur ą ventre roux,Coraciiformes,Alcedinidae,Megaceryle,torquata
631,03900,Belted Kingfisher,Martin-pźcheur d'Amérique,Coraciiformes,Alcedinidae,Megaceryle,alcyon
634,03910,Green Kingfisher,Martin-pźcheur vert,Coraciiformes,Alcedinidae,Chloroceryle,americana
641,04080,Lewis's Woodpecker,Pic de Lewis,Piciformes,Picidae,Melanerpes,lewis
642,04060,Red-headed Woodpecker,Pic ą tźte rouge,Piciformes,Picidae,Melanerpes,erythrocephalus
643,04070,Acorn Woodpecker,Pic glandivore,Piciformes,Picidae,Melanerpes,formicivorus
648,04110,Gila Woodpecker,Pic des saguaros,Piciformes,Picidae,Melanerpes,uropygialis
649,04100,Golden-fronted Woodpecker,Pic ą front doré,Piciformes,Picidae,Melanerpes,aurifrons
650,04090,Red-bellied Woodpecker,Pic ą ventre roux,Piciformes,Picidae,Melanerpes,carolinus
651,04040,Williamson's Sapsucker,Pic de Williamson,Piciformes,Picidae,Sphyrapicus,thyroideus
652,04020,Yellow-bellied Sapsucker,Pic maculé,Piciformes,Picidae,Sphyrapicus,varius
653,04021,Red-naped Sapsucker,Pic ą nuque rouge,Piciformes,Picidae,Sphyrapicus,nuchalis
654,04030,Red-breasted Sapsucker,Pic ą poitrine rouge,Piciformes,Picidae,Sphyrapicus,ruber
655,04022,unid. sapsucker,unid Sphyrapicus sp.,Piciformes,Picidae,Sphyrapicus,sp.
656,04010,American Three-toed Woodpecker,Pic ą dos rayé,Piciformes,Picidae,Picoides,dorsalis
657,04000,Black-backed Woodpecker,Pic ą dos noir,Piciformes,Picidae,Picoides,arcticus
658,03940,Downy Woodpecker,Pic mineur,Piciformes,Picidae,Dryobates,pubescens
659,03970,Nuttall's Woodpecker,Pic de Nuttall,Piciformes,Picidae,Dryobates,nuttallii
660,03960,Ladder-backed Woodpecker,Pic arlequin,Piciformes,Picidae,Dryobates,scalaris
661,03950,Red-cockaded Woodpecker,Pic ą face blanche,Piciformes,Picidae,Dryobates,borealis
662,03930,Hairy Woodpecker,Pic chevelu,Piciformes,Picidae,Dryobates,villosus
663,03990,White-headed Woodpecker,Pic ą tźte blanche,Piciformes,Picidae,Dryobates,albolarvatus
665,03975,Arizona Woodpecker,Pic d'Arizona,Piciformes,Picidae,Dryobates,arizonae
669,04123,(unid. Red / Yellow Shafted) Northern Flicker,Pic flamboyant (groupe non identifié),Piciformes,Picidae,Colaptes,auratus
670,04120,(Yellow-shafted Flicker) Northern Flicker,Pic flamboyant (groupe auratus),Piciformes,Picidae,Colaptes,auratus auratus
671,04130,(Red-shafted Flicker) Northern Flicker,Pic flamboyant (groupe cafer),Piciformes,Picidae,Colaptes,auratus cafer
672,04125,hybrid Northern Flicker (Red x Yellow-shafted),hybride Pic flamboyant (cafer x auratus),Piciformes,Picidae,Colaptes,auratus auratus x auratus cafer
673,04140,Gilded Flicker,Pic chrysoļde,Piciformes,Picidae,Colaptes,chrysoides
676,04050,Pileated Woodpecker,Grand Pic,Piciformes,Picidae,Dryocopus,pileatus
678,03920,unid. woodpecker,unid Pic sp.,Piciformes,Picidae,Woodpecker,sp.
683,03620,Crested Caracara,Caracara huppé,Falconiformes,Falconidae,Caracara,plancus
684,03600,American Kestrel,Crécerelle d'Amérique,Falconiformes,Falconidae,Falco,sparverius
685,03570,Merlin,Faucon émerillon,Falconiformes,Falconidae,Falco,columbarius
686,03590,Aplomado Falcon,Faucon aplomado,Falconiformes,Falconidae,Falco,femoralis
689,03540,Gyrfalcon,Faucon gerfaut,Falconiformes,Falconidae,Falco,rusticolus
690,03560,Peregrine Falcon,Faucon pčlerin,Falconiformes,Falconidae,Falco,peregrinus
691,03550,Prairie Falcon,Faucon des prairies,Falconiformes,Falconidae,Falco,mexicanus
692,03824,Monk Parakeet,Conure veuve,Psittaciformes,Psittacidae,Myiopsitta,monachus
695,51830,Nanday Parakeet,Conure nanday,Psittaciformes,Psittacidae,Aratinga,nenday
707,52021,Yellow-chevroned Parakeet,Toui ą ailes jaunes,Psittaciformes,Psittacidae,Brotogeris,chiriri
708,03827,unid. White-winged / Yellow-chevroned Parakeet,Toui ą ailes variées / Toui ą ailes jaunes,Psittaciformes,Psittacidae,Brotogeris,versicolurus / chiriri
713,03826,Red-crowned Parrot,Amazone ą joues vertes,Psittaciformes,Psittacidae,Amazona,viridigenalis
719,03823,Rose-ringed Parakeet,Perruche ą collier,Psittaciformes,Psittaculidae,Psittacula,krameri
721,03822,Budgerigar,Perruche ondulée,Psittaciformes,Psittaculidae,Melopsittacus,undulatus
734,04411,Rose-throated Becard,Bécarde ą gorge rose,Passeriformes,Tityridae,Pachyramphus,aglaiae
747,04720,Northern Beardless-Tyrannulet,Tyranneau imberbe,Passeriformes,Tyrannidae,Camptostoma,imberbe
756,04550,Dusky-capped Flycatcher,Tyran olivātre,Passeriformes,Tyrannidae,Myiarchus,tuberculifer
757,04540,Ash-throated Flycatcher,Tyran ą gorge cendrée,Passeriformes,Tyrannidae,Myiarchus,cinerascens
759,04520,Great Crested Flycatcher,Tyran huppé,Passeriformes,Tyrannidae,Myiarchus,crinitus
760,04530,Brown-crested Flycatcher,Tyran de Wied,Passeriformes,Tyrannidae,Myiarchus,tyrannulus
763,04490,Great Kiskadee,Tyran quiquivi,Passeriformes,Tyrannidae,Pitangus,sulphuratus
767,04510,Sulphur-bellied Flycatcher,Tyran tigré,Passeriformes,Tyrannidae,Myiodynastes,luteiventris
769,04460,Tropical Kingbird,Tyran mélancolique,Passeriformes,Tyrannidae,Tyrannus,melancholicus
770,04461,Couch's Kingbird,Tyran de Couch,Passeriformes,Tyrannidae,Tyrannus,couchii
771,04462,unid. Tropical Kingbird / Couch's Kingbird,unid Tyran mélancolique / Tyran de Couch,Passeriformes,Tyrannidae,Tyrannus,melancholicus / couchii
772,04480,Cassin's Kingbird,Tyran de Cassin,Passeriformes,Tyrannidae,Tyrannus,vociferans
773,04451,Thick-billed Kingbird,Tyran ą bec épais,Passeriformes,Tyrannidae,Tyrannus,crassirostris
774,04470,Western Kingbird,Tyran de l'Ouest,Passeriformes,Tyrannidae,Tyrannus,verticalis
775,04447,unid. Cassin's Kingbird / Western Kingbird,unid Tyran de Cassin / Tyran de l'Ouest,Passeriformes,Tyrannidae,Tyrannus,vociferans / verticalis
776,04440,Eastern Kingbird,Tyran tritri,Passeriformes,Tyrannidae,Tyrannus,tyrannus
777,04450,Gray Kingbird,Tyran gris,Passeriformes,Tyrannidae,Tyrannus,dominicensis
779,04430,Scissor-tailed Flycatcher,Tyran ą longue queue,Passeriformes,Tyrannidae,Tyrannus,forficatus
780,04420,Fork-tailed Flycatcher,Tyran des savanes,Passeriformes,Tyrannidae,Tyrannus,savana
784,04590,Olive-sided Flycatcher,Moucherolle ą cōtés olive,Passeriformes,Tyrannidae,Contopus,cooperi
785,04600,Greater Pewee,Moucherolle de Coues,Passeriformes,Tyrannidae,Contopus,pertinax
786,04620,Western Wood-Pewee,Pioui de l'Ouest,Passeriformes,Tyrannidae,Contopus,sordidulus
787,04610,Eastern Wood-Pewee,Pioui de l'Est,Passeriformes,Tyrannidae,Contopus,virens
790,04630,Yellow-bellied Flycatcher,Moucherolle ą ventre jaune,Passeriformes,Tyrannidae,Empidonax,flaviventris
791,04650,Acadian Flycatcher,Moucherolle vert,Passeriformes,Tyrannidae,Empidonax,virescens
792,04661,Alder Flycatcher,Moucherolle des aulnes,Passeriformes,Tyrannidae,Empidonax,alnorum
793,04660,Willow Flycatcher,Moucherolle des saules,Passeriformes,Tyrannidae,Empidonax,traillii
794,04665,unid. Alder Flycatcher / Willow Flycatcher,unid Moucherolle des aulnes / des saules,Passeriformes,Tyrannidae,Empidonax,alnorum / traillii
796,04670,Least Flycatcher,Moucherolle tchébec,Passeriformes,Tyrannidae,Empidonax,minimus
797,04680,Hammond's Flycatcher,Moucherolle de Hammond,Passeriformes,Tyrannidae,Empidonax,hammondii
798,04691,Gray Flycatcher,Moucherolle gris,Passeriformes,Tyrannidae,Empidonax,wrightii
799,04690,Dusky Flycatcher,Moucherolle sombre,Passeriformes,Tyrannidae,Empidonax,oberholseri
800,04689,unid. Hammond's Flycatcher / Dusky Flycatcher,unid Moucherolle Hammond's / Moucherolle Dusky,Passeriformes,Tyrannidae,Empidonax,hammondii / oberholseri
802,04640,(Cordilleran Flycatcher) Western Flycatcher,Moucherolle obscur (groupe occidentalis),Passeriformes,Tyrannidae,Empidonax,difficilis occidentalis
803,04641,(Pacific-slope Flycatcher) Western Flycatcher,Moucherolle obscur (groupe difficilis),Passeriformes,Tyrannidae,Empidonax,difficilis difficilis
804,04642,(unid. Cordilleran / Pac-slope) Western Flycatcher,Moucherolle obscur (groupe non identifié),Passeriformes,Tyrannidae,Empidonax,difficilis
806,04700,Buff-breasted Flycatcher,Moucherolle beige,Passeriformes,Tyrannidae,Empidonax,fulvifrons
807,04679,unid. Empidonax flycatcher,unid Empidonax sp.,Passeriformes,Tyrannidae,Empidonax,sp.
808,04580,Black Phoebe,Moucherolle noir,Passeriformes,Tyrannidae,Sayornis,nigricans
809,04560,Eastern Phoebe,Moucherolle phébi,Passeriformes,Tyrannidae,Sayornis,phoebe
810,04570,Say's Phoebe,Moucherolle ą ventre roux,Passeriformes,Tyrannidae,Sayornis,saya
811,04710,Vermilion Flycatcher,Moucherolle vermillon,Passeriformes,Tyrannidae,Pyrocephalus,rubinus
850,06300,Black-capped Vireo,Viréo ą tźte noire,Passeriformes,Vireonidae,Vireo,atricapilla
852,06310,White-eyed Vireo,Viréo aux yeux blancs,Passeriformes,Vireonidae,Vireo,griseus
857,06330,Bell's Vireo,Viréo de Bell,Passeriformes,Vireonidae,Vireo,bellii
858,06340,Gray Vireo,Viréo gris,Passeriformes,Vireonidae,Vireo,vicinior
859,06320,Hutton's Vireo,Viréo de Hutton,Passeriformes,Vireonidae,Vireo,huttoni
860,06280,Yellow-throated Vireo,Viréo ą gorge jaune,Passeriformes,Vireonidae,Vireo,flavifrons
861,06291,Cassin's Vireo,Viréo de Cassin,Passeriformes,Vireonidae,Vireo,cassinii
862,06290,Blue-headed Vireo,Viréo ą tźte bleue,Passeriformes,Vireonidae,Vireo,solitarius
863,06295,unid. Cassin's Vireo / Blue-headed Vireo,unid Viréo de Cassin / Viréo ą tźte bleue,Passeriformes,Vireonidae,Vireo,cassinii / solitarius
864,06292,Plumbeous Vireo,Viréo plombé,Passeriformes,Vireonidae,Vireo,plumbeus
865,06296,unid. Plumbeous Vireo / Cassin's Vireo,unid Viréo plombé / Viréo de Cassin,Passeriformes,Vireonidae,Vireo,plumbeus / cassinii
866,06260,Philadelphia Vireo,Viréo de Philadelphie,Passeriformes,Vireonidae,Vireo,philadelphicus
867,06270,Warbling Vireo,Viréo mélodieux,Passeriformes,Vireonidae,Vireo,gilvus
869,06240,Red-eyed Vireo,Viréo aux yeux rouges,Passeriformes,Vireonidae,Vireo,olivaceus
871,06230,Black-whiskered Vireo,Viréo ą moustaches,Passeriformes,Vireonidae,Vireo,altiloquus
873,06220,Loggerhead Shrike,Pie-gričche migratrice,Passeriformes,Laniidae,Lanius,ludovicianus
874,06210,Northern Shrike,Pie-gričche boréale,Passeriformes,Laniidae,Lanius,borealis
875,04840,Canada Jay,Mésangeai du Canada,Passeriformes,Corvidae,Perisoreus,canadensis
883,04830,Green Jay,Geai vert,Passeriformes,Corvidae,Cyanocorax,yncas
888,04920,Pinyon Jay,Geai des pinčdes,Passeriformes,Corvidae,Gymnorhinus,cyanocephalus
889,04780,Steller's Jay,Geai de Steller,Passeriformes,Corvidae,Cyanocitta,stelleri
890,04770,Blue Jay,Geai bleu,Passeriformes,Corvidae,Cyanocitta,cristata
891,04790,Florida Scrub-Jay,Geai ą gorge blanche,Passeriformes,Corvidae,Aphelocoma,coerulescens
892,04811,Island Scrub-Jay,Geai de Santa Cruz,Passeriformes,Corvidae,Aphelocoma,insularis
893,04812,California Scrub-Jay,Geai buissonnier,Passeriformes,Corvidae,Aphelocoma,californica
894,04813,Woodhouse's Scrub-Jay,Geai de Woodhouse,Passeriformes,Corvidae,Aphelocoma,woodhouseii
895,04810,unid. California Scrub-Jay / Woodhouse's Scrub-Jay,unid Geai buissonnier / Geai de Woodhouse,Passeriformes,Corvidae,Aphelocoma,californica / woodhouseii
897,04820,Mexican Jay,Geai du Mexique,Passeriformes,Corvidae,Aphelocoma,wollweberi
899,04910,Clark's Nutcracker,Cassenoix d'Amérique,Passeriformes,Corvidae,Nucifraga,columbiana
900,04750,Black-billed Magpie,Pie d'Amérique,Passeriformes,Corvidae,Pica,hudsonia
901,04760,Yellow-billed Magpie,Pie ą bec jaune,Passeriformes,Corvidae,Pica,nuttalli
902,04880,American Crow,Corneille d'Amérique,Passeriformes,Corvidae,Corvus,brachyrhynchos
905,04900,Fish Crow,Corneille de rivage,Passeriformes,Corvidae,Corvus,ossifragus
906,04881,unid. American Crow / Fish Crow,unid Corneille d'Amérique / Corneille de rivage,Passeriformes,Corvidae,Corvus,brachyrhynchos / ossifragus
907,04870,Chihuahuan Raven,Corbeau ą cou blanc,Passeriformes,Corvidae,Corvus,cryptoleucus
908,04860,Common Raven,Grand Corbeau,Passeriformes,Corvidae,Corvus,corax
909,04865,unid. Chihuahuan Raven / Common Raven,unid Grand Corbeau / Corbeau ą cou blanc,Passeriformes,Corvidae,Corvus,cryptoleucus / corax
910,07460,Verdin,Auripare verdin,Passeriformes,Remizidae,Auriparus,flaviceps
911,07360,Carolina Chickadee,Mésange de Caroline,Passeriformes,Paridae,Poecile,carolinensis
912,07350,Black-capped Chickadee,Mésange ą tźte noire,Passeriformes,Paridae,Poecile,atricapillus
913,07380,Mountain Chickadee,Mésange de Gambel,Passeriformes,Paridae,Poecile,gambeli
914,07370,Mexican Chickadee,Mésange grise,Passeriformes,Paridae,Poecile,sclateri
915,07410,Chestnut-backed Chickadee,Mésange ą dos marron,Passeriformes,Paridae,Poecile,rufescens
916,07400,Boreal Chickadee,Mésange ą tźte brune,Passeriformes,Paridae,Poecile,hudsonicus
918,07352,unid. Carolina Chickadee / Black-capped Chickadee,unid Mésange de Caroline / Mésange ą tźte noire,Passeriformes,Paridae,Poecile,carolinensis / atricapillus
919,07353,unid. Black-capped Chickadee / Mountain Chickadee,unid Mésange ą tźte noire / Mésange de Gambel,Passeriformes,Paridae,Poecile,atricapillus / gambeli
920,07354,unid. Black-capped Chickadee / Boreal Chickadee,unid Mésange ą tźte noire / Mésange ą tźte brune,Passeriformes,Paridae,Poecile,atricapillus / hudsonicus
921,07351,unid. western chickadee species,unid Mésange sp. de l'Ouest,Passeriformes,Paridae,Poecile,sp.
922,07340,Bridled Titmouse,Mésange arlequin,Passeriformes,Paridae,Baeolophus,wollweberi
923,07330,Oak Titmouse,Mésange unicolore,Passeriformes,Paridae,Baeolophus,inornatus
924,07331,Juniper Titmouse,Mésange des genévriers,Passeriformes,Paridae,Baeolophus,ridgwayi
925,07332,unid. Oak Titmouse / Juniper Titmouse,unid unid Mésange unicolore / Mésange des genévrie,Passeriformes,Paridae,Baeolophus,inornatus / ridgwayi
926,07310,Tufted Titmouse,Mésange bicolore,Passeriformes,Paridae,Baeolophus,bicolor
927,07320,Black-crested Titmouse,Mésange ą plumet noir,Passeriformes,Paridae,Baeolophus,atricristatus
928,07315,unid. Tufted Titmouse / Black-crested Titmouse,unid Mésange bicolore / Mésange ą plumet noir,Passeriformes,Paridae,Baeolophus,bicolor / atricristatus
929,04730,Eurasian Skylark,Alouette des champs,Passeriformes,Alaudidae,Alauda,arvensis
930,04740,Horned Lark,Alouette hausse-col,Passeriformes,Alaudidae,Eremophila,alpestris
931,06160,Bank Swallow,Hirondelle de rivage,Passeriformes,Hirundinidae,Riparia,riparia
932,06140,Tree Swallow,Hirondelle bicolore,Passeriformes,Hirundinidae,Tachycineta,bicolor
934,06150,Violet-green Swallow,Hirondelle ą face blanche,Passeriformes,Hirundinidae,Tachycineta,thalassina
938,06170,Northern Rough-winged Swallow,Hirondelle ą ailes hérissées,Passeriformes,Hirundinidae,Stelgidopteryx,serripennis
940,06110,Purple Martin,Hirondelle noire,Passeriformes,Hirundinidae,Progne,subis
945,06130,Barn Swallow,Hirondelle rustique,Passeriformes,Hirundinidae,Hirundo,rustica
946,06120,Cliff Swallow,Hirondelle ą front blanc,Passeriformes,Hirundinidae,Petrochelidon,pyrrhonota
947,06121,Cave Swallow,Hirondelle ą front brun,Passeriformes,Hirundinidae,Petrochelidon,fulva
948,06122,unid. Cave Swallow / Cliff Swallow,unid Hirondelle ą front blanc / ą front brun,Passeriformes,Hirundinidae,Petrochelidon,pyrrhonota / fulva
949,07430,Bushtit,Orite buissonničre,Passeriformes,Aegithalidae,Psaltriparus,minimus
950,07470,Arctic Warbler,Pouillot boréal,Passeriformes,Phylloscopidae,Phylloscopus,borealis
953,07420,Wrentit,Cama brune,Passeriformes,Sylviidae,Chamaea,fasciata
954,07421,Swinhoe’s White-eye,Zostérops de Swinhoe,Passeriformes,Zosteropidae,Zosterops,simplex
955,07490,Ruby-crowned Kinglet,Roitelet ą couronne rubis,Passeriformes,Regulidae,Corthylio,calendula
956,07480,Golden-crowned Kinglet,Roitelet ą couronne dorée,Passeriformes,Regulidae,Regulus,satrapa
957,06180,Bohemian Waxwing,Jaseur boréal,Passeriformes,Bombycillidae,Bombycilla,garrulus
958,06190,Cedar Waxwing,Jaseur d'Amérique,Passeriformes,Bombycillidae,Bombycilla,cedrorum
959,06185,unid. Cedar Waxwing / Bohemian Waxwing,unid Jaseur sp.,Passeriformes,Bombycillidae,Bombycilla,garrulus / cedrorum
961,06200,Phainopepla,Phénopčple luisant,Passeriformes,Ptiliogonatidae,Phainopepla,nitens
962,07280,Red-breasted Nuthatch,Sittelle ą poitrine rousse,Passeriformes,Sittidae,Sitta,canadensis
963,07270,White-breasted Nuthatch,Sittelle ą poitrine blanche,Passeriformes,Sittidae,Sitta,carolinensis
964,07300,Pygmy Nuthatch,Sittelle pygmée,Passeriformes,Sittidae,Sitta,pygmaea
965,07290,Brown-headed Nuthatch,Sittelle ą tźte brune,Passeriformes,Sittidae,Sitta,pusilla
966,07260,Brown Creeper,Grimpereau brun,Passeriformes,Certhiidae,Certhia,americana
969,07510,Blue-gray Gnatcatcher,Gobemoucheron gris-bleu,Passeriformes,Polioptilidae,Polioptila,caerulea
970,07520,Black-tailed Gnatcatcher,Gobemoucheron ą queue noire,Passeriformes,Polioptilidae,Polioptila,melanura
971,07539,unid. Blue-gray / Black-tailed Gnatcatcher,unid Gobemoucheron gris-bleu / ą queue noire,Passeriformes,Polioptilidae,Polioptila,caerulea / melanura
972,07530,California Gnatcatcher,Gobemoucheron de Californie,Passeriformes,Polioptilidae,Polioptila,californica
975,07150,Rock Wren,Troglodyte des rochers,Passeriformes,Troglodytidae,Salpinctes,obsoletus
977,07170,Canyon Wren,Troglodyte des canyons,Passeriformes,Troglodytidae,Catherpes,mexicanus
987,16600,Sinaloa Wren,Troglodyte du Sinaloa,Passeriformes,Troglodytidae,Thryophilus,sinaloa
996,07130,Cactus Wren,Troglodyte des cactus,Passeriformes,Troglodytidae,Campylorhynchus,brunneicapillus
997,07190,Bewick's Wren,Troglodyte de Bewick,Passeriformes,Troglodytidae,Thryomanes,bewickii
998,07180,Carolina Wren,Troglodyte de Caroline,Passeriformes,Troglodytidae,Thryothorus,ludovicianus
999,07210,Northern House Wren,Troglodyte familier,Passeriformes,Troglodytidae,Troglodytes,aedon
1003,07221,Pacific Wren,Troglodyte de Baird,Passeriformes,Troglodytidae,Troglodytes,pacificus
1004,07222,Winter Wren,Troglodyte des forźts,Passeriformes,Troglodytidae,Troglodytes,hiemalis
1005,07220,unid. Pacific Wren / Winter Wren,unid Troglodyte des forźts / Troglodyte de Baird,Passeriformes,Troglodytidae,Troglodytes,pacificus / hiemalis
1006,07240,Sedge Wren,Troglodyte ą bec court,Passeriformes,Troglodytidae,Cistothorus,stellaris
1008,07250,Marsh Wren,Troglodyte des marais,Passeriformes,Troglodytidae,Cistothorus,palustris
1012,07040,Gray Catbird,Moqueur chat,Passeriformes,Mimidae,Dumetella,carolinensis
1013,07070,Curve-billed Thrasher,Moqueur ą bec courbe,Passeriformes,Mimidae,Toxostoma,curvirostre
1015,07050,Brown Thrasher,Moqueur roux,Passeriformes,Mimidae,Toxostoma,rufum
1016,07060,Long-billed Thrasher,Moqueur ą long bec,Passeriformes,Mimidae,Toxostoma,longirostre
1018,07080,Bendire's Thrasher,Moqueur de Bendire,Passeriformes,Mimidae,Toxostoma,bendirei
1020,07100,California Thrasher,Moqueur de Californie,Passeriformes,Mimidae,Toxostoma,redivivum
1021,07110,LeConte's Thrasher,Moqueur de LeConte,Passeriformes,Mimidae,Toxostoma,lecontei
1022,07120,Crissal Thrasher,Moqueur cul-roux,Passeriformes,Mimidae,Toxostoma,crissale
1023,07020,Sage Thrasher,Moqueur des armoises,Passeriformes,Mimidae,Oreoscoptes,montanus
1024,07031,Bahama Mockingbird,Moqueur des Bahamas,Passeriformes,Mimidae,Mimus,gundlachii
1027,07030,Northern Mockingbird,Moqueur polyglotte,Passeriformes,Mimidae,Mimus,polyglottos
1028,04930,European Starling,Étourneau sansonnet,Passeriformes,Sturnidae,Sturnus,vulgaris
1029,04932,Common Myna,Martin triste,Passeriformes,Sturnidae,Acridotheres,tristis
1030,07010,American Dipper,Cincle d'Amérique,Passeriformes,Cinclidae,Cinclus,mexicanus
1031,07660,Eastern Bluebird,Merlebleu de l'Est,Passeriformes,Turdidae,Sialia,sialis
1032,07670,Western Bluebird,Merlebleu de l'Ouest,Passeriformes,Turdidae,Sialia,mexicana
1033,07680,Mountain Bluebird,Merlebleu azuré,Passeriformes,Turdidae,Sialia,currucoides
1034,07540,Townsend's Solitaire,Solitaire de Townsend,Passeriformes,Turdidae,Myadestes,townsendi
1042,07560,Veery,Grive fauve,Passeriformes,Turdidae,Catharus,fuscescens
1043,07570,Gray-cheeked Thrush,Grive ą joues grises,Passeriformes,Turdidae,Catharus,minimus
1044,07571,Bicknell's Thrush,Grive de Bicknell,Passeriformes,Turdidae,Catharus,bicknelli
1045,07580,Swainson's Thrush,Grive ą dos olive,Passeriformes,Turdidae,Catharus,ustulatus
1046,07590,Hermit Thrush,Grive solitaire,Passeriformes,Turdidae,Catharus,guttatus
1047,07550,Wood Thrush,Grive des bois,Passeriformes,Turdidae,Hylocichla,mustelina
1049,07614,Dusky Thrush,Grive ą ailes rousses,Passeriformes,Turdidae,Turdus,eunomus
1054,07621,Clay-colored Thrush,Merle fauve,Passeriformes,Turdidae,Turdus,grayi
1058,07610,American Robin,Merle d'Amérique,Passeriformes,Turdidae,Turdus,migratorius
1060,07630,Varied Thrush,Grive ą collier,Passeriformes,Turdidae,Ixoreus,naevius
1062,07640,Bluethroat,Gorgebleue ą miroir,Passeriformes,Muscicapidae,Cyanecula,svecica
1063,07650,Northern Wheatear,Traquet motteux,Passeriformes,Muscicapidae,Oenanthe,oenanthe
1064,06510,Olive Warbler,Fauvine des pins,Passeriformes,Peucedramidae,Peucedramus,taeniatus
1065,19500,Northern Red Bishop,Euplecte franciscain,Passeriformes,Ploceidae,Euplectes,franciscanus
1066,19510,Pin-tailed Whydah,Veuve dominicaine,Passeriformes,Viduidae,Vidua,macroura
1067,08110,Scaly-breasted Munia,Capucin damier,Passeriformes,Estrildidae,Lonchura,punctulata
1070,06882,House Sparrow,Moineau domestique,Passeriformes,Passeridae,Passer,domesticus
1071,06883,Eurasian Tree Sparrow,Moineau friquet,Passeriformes,Passeridae,Passer,montanus
1072,06960,Eastern Yellow Wagtail,Bergeronnette de Béringie,Passeriformes,Motacillidae,Motacilla,tschutschensis
1073,06940,White Wagtail,Bergeronnette grise,Passeriformes,Motacillidae,Motacilla,alba
1074,06990,Red-throated Pipit,Pipit ą gorge rousse,Passeriformes,Motacillidae,Anthus,cervinus
1075,06970,American Pipit,Pipit d'Amérique,Passeriformes,Motacillidae,Anthus,rubescens
1076,07000,Sprague's Pipit,Pipit de Sprague,Passeriformes,Motacillidae,Anthus,spragueii
1086,05140,Evening Grosbeak,Gros-bec errant,Passeriformes,Fringillidae,Coccothraustes,vespertinus
1088,05150,Pine Grosbeak,Durbec des sapins,Passeriformes,Fringillidae,Pinicola,enucleator
1089,05240,Gray-crowned Rosy-Finch,Roselin ą tźte grise,Passeriformes,Fringillidae,Leucosticte,tephrocotis
1090,05250,Black Rosy-Finch,Roselin noir,Passeriformes,Fringillidae,Leucosticte,atrata
1091,05260,Brown-capped Rosy-Finch,Roselin ą tźte brune,Passeriformes,Fringillidae,Leucosticte,australis
1092,05190,House Finch,Roselin familier,Passeriformes,Fringillidae,Haemorhous,mexicanus
1093,05170,Purple Finch,Roselin pourpré,Passeriformes,Fringillidae,Haemorhous,purpureus
1094,05180,Cassin's Finch,Roselin de Cassin,Passeriformes,Fringillidae,Haemorhous,cassinii
1095,05195,unid. Purple Finch / Cassin's Finch / House Finch,unid Roselin pourpré / de Cassin / familier,Passeriformes,Fringillidae,Carpodacus,purpureus / cassinii / mexicanus
1097,05280,(Common Redpoll) Redpoll,Sizerin flammé,Passeriformes,Fringillidae,Acanthis,flammea flammea
1098,05270,(Hoary Redpoll) Redpoll,Sizerin blanchātre,Passeriformes,Fringillidae,Acanthis,flammea hornemanni
1099,05275,(unid. Common / Hoary) Redpoll,unid Sizerin flame / Sizerin blanchātre,Passeriformes,Fringillidae,Acanthis,flammea flammea / hornemanni
1100,05210,Red Crossbill,Bec-croisé des sapins,Passeriformes,Fringillidae,Loxia,curvirostra
1102,05212,unid. Cassia Crossbill / Red Crossbill,Unid Bec-croisé de l'Idaho / des sapins,Passeriformes,Fringillidae,Loxia,sinesciuris / curvirostra
1103,05220,White-winged Crossbill,Bec-croisé bifascié,Passeriformes,Fringillidae,Loxia,leucoptera
1104,05225,unid. Red Crossbill / White-winged Crossbill,unid Bec-croisé des sapins / Bec-croisé bifascié,Passeriformes,Fringillidae,Loxia,curvirostra / leucoptera
1105,05261,European Goldfinch,Chardonneret élégant,Passeriformes,Fringillidae,Carduelis,carduelis
1106,05330,Pine Siskin,Tarin des pins,Passeriformes,Fringillidae,Spinus,pinus
1109,05300,Lesser Goldfinch,Chardonneret mineur,Passeriformes,Fringillidae,Spinus,psaltria
1110,05310,Lawrence's Goldfinch,Chardonneret gris,Passeriformes,Fringillidae,Spinus,lawrencei
1111,05290,American Goldfinch,Chardonneret jaune,Passeriformes,Fringillidae,Spinus,tristis
1113,05360,Lapland Longspur,Plectrophane lapon,Passeriformes,Calcariidae,Calcarius,lapponicus
1114,05380,Chestnut-collared Longspur,Plectrophane ą ventre noir,Passeriformes,Calcariidae,Calcarius,ornatus
1115,05370,Smith's Longspur,Plectrophane de Smith,Passeriformes,Calcariidae,Calcarius,pictus
1116,05390,Thick-billed Longspur,Plectrophane ą ventre gris,Passeriformes,Calcariidae,Rhynchophanes,mccownii
1117,05340,Snow Bunting,Plectrophane des neiges,Passeriformes,Calcariidae,Plectrophenax,nivalis
1120,05790,Rufous-winged Sparrow,Bruant ą épaulettes,Passeriformes,Passerellidae,Peucaea,carpalis
1125,05760,Botteri's Sparrow,Bruant de Botteri,Passeriformes,Passerellidae,Peucaea,botterii
1126,05780,Cassin's Sparrow,Bruant de Cassin,Passeriformes,Passerellidae,Peucaea,cassinii
1127,05750,Bachman's Sparrow,Bruant des pinčdes,Passeriformes,Passerellidae,Peucaea,aestivalis
1128,05460,Grasshopper Sparrow,Bruant sauterelle,Passeriformes,Passerellidae,Ammodramus,savannarum
1129,05860,Olive Sparrow,Tohi olive,Passeriformes,Passerellidae,Arremonops,rufivirgatus
1132,05730,Black-throated Sparrow,Bruant ą gorge noire,Passeriformes,Passerellidae,Amphispiza,bilineata
1133,05520,Lark Sparrow,Bruant ą joues marron,Passeriformes,Passerellidae,Chondestes,grammacus
1134,06050,Lark Bunting,Bruant noir et blanc,Passeriformes,Passerellidae,Calamospiza,melanocorys
1135,05600,Chipping Sparrow,Bruant familier,Passeriformes,Passerellidae,Spizella,passerina
1136,05610,Clay-colored Sparrow,Bruant des plaines,Passeriformes,Passerellidae,Spizella,pallida
1137,05650,Black-chinned Sparrow,Bruant ą menton noir,Passeriformes,Passerellidae,Spizella,atrogularis
1138,05630,Field Sparrow,Bruant des champs,Passeriformes,Passerellidae,Spizella,pusilla
1139,05620,Brewer's Sparrow,Bruant de Brewer,Passeriformes,Passerellidae,Spizella,breweri
1144,05850,Fox Sparrow,Bruant fauve,Passeriformes,Passerellidae,Passerella,iliaca
1145,05590,American Tree Sparrow,Bruant hudsonien,Passeriformes,Passerellidae,Spizelloides,arborea
1147,05670,(Slate-colored Junco) Dark-eyed Junco,Junco ardoisé (groupe hyemalis),Passeriformes,Passerellidae,Junco,hyemalis hyemalis
1148,05671,(Oregon Junco) Dark-eyed Junco,Junco ardoisé (groupe oreganus),Passeriformes,Passerellidae,Junco,hyemalis oreganus
1149,05680,(Pink-sided Junco) Dark-eyed Junco,Junco ardoisé (groupe mearnsi),Passeriformes,Passerellidae,Junco,hyemalis mearnsi
1150,05660,(White-winged Junco) Dark-eyed Junco,Junco ardoisé (ą ailes blanches),Passeriformes,Passerellidae,Junco,hyemalis aikeni
1151,05690,(Gray-headed Junco) Dark-eyed Junco,Junco ardoisé (ą tźte grise),Passeriformes,Passerellidae,Junco,hyemalis caniceps
1152,05677,(unid. race) Dark-eyed Junco,Junco ardoisé (groupe non identifié),Passeriformes,Passerellidae,Junco,hyemalis
1153,05700,Yellow-eyed Junco,Junco aux yeux jaunes,Passeriformes,Passerellidae,Junco,phaeonotus
1156,05540,White-crowned Sparrow,Bruant ą couronne blanche,Passeriformes,Passerellidae,Zonotrichia,leucophrys
1157,05570,Golden-crowned Sparrow,Bruant ą couronne dorée,Passeriformes,Passerellidae,Zonotrichia,atricapilla
1158,05530,Harris's Sparrow,Bruant ą face noire,Passeriformes,Passerellidae,Zonotrichia,querula
1159,05580,White-throated Sparrow,Bruant ą gorge blanche,Passeriformes,Passerellidae,Zonotrichia,albicollis
1160,05739,Bell's Sparrow,Bruant de Bell,Passeriformes,Passerellidae,Artemisiospiza,belli
1161,05740,unid. Sagebrush Sparrow / Bell's Sparrow,unid Bruant des armoises / Burant de Bell,Passeriformes,Passerellidae,Artemisiospiza,nevadensis / belli
1162,05738,Sagebrush Sparrow,Bruant des armoises,Passeriformes,Passerellidae,Artemisiospiza,nevadensis
1164,05400,Vesper Sparrow,Bruant vespéral,Passeriformes,Passerellidae,Pooecetes,gramineus
1165,05480,LeConte's Sparrow,Bruant de LeConte,Passeriformes,Passerellidae,Ammospiza,leconteii
1166,05500,Seaside Sparrow,Bruant maritime,Passeriformes,Passerellidae,Ammospiza,maritima
1167,05491,Nelson's Sparrow,Bruant de Nelson,Passeriformes,Passerellidae,Ammospiza,nelsoni
1168,05490,Saltmarsh Sparrow,Bruant ą queue aiguė,Passeriformes,Passerellidae,Ammospiza,caudacuta
1169,05450,Baird's Sparrow,Bruant de Baird,Passeriformes,Passerellidae,Centronyx,bairdii
1170,05470,Henslow's Sparrow,Bruant de Henslow,Passeriformes,Passerellidae,Centronyx,henslowii
1171,05420,Savannah Sparrow,Bruant des prés,Passeriformes,Passerellidae,Passerculus,sandwichensis
1173,05810,Song Sparrow,Bruant chanteur,Passeriformes,Passerellidae,Melospiza,melodia
1174,05830,Lincoln's Sparrow,Bruant de Lincoln,Passeriformes,Passerellidae,Melospiza,lincolnii
1175,05840,Swamp Sparrow,Bruant des marais,Passeriformes,Passerellidae,Melospiza,georgiana
1177,05910,Canyon Towhee,Tohi des canyons,Passeriformes,Passerellidae,Melozone,fusca
1179,05920,Abert's Towhee,Tohi d'Abert,Passeriformes,Passerellidae,Melozone,aberti
1180,05911,California Towhee,Tohi de Californie,Passeriformes,Passerellidae,Melozone,crissalis
1184,05800,Rufous-crowned Sparrow,Tohi ą calotte fauve,Passeriformes,Passerellidae,Aimophila,ruficeps
1186,05900,Green-tailed Towhee,Tohi ą queue verte,Passeriformes,Passerellidae,Pipilo,chlorurus
1187,05880,Spotted Towhee,Tohi tacheté,Passeriformes,Passerellidae,Pipilo,maculatus
1188,05870,Eastern Towhee,Tohi ą flancs roux,Passeriformes,Passerellidae,Pipilo,erythrophthalmus
1189,05871,unid. Spotted Towhee / Eastern Towhee,unid Tohi tacheté / Tohi ą flancs roux,Passeriformes,Passerellidae,Pipilo,maculatus / erythrophthalmus
1194,06830,Yellow-breasted Chat,Ictérie polyglotte,Passeriformes,Icteriidae,Icteria,virens
1195,04970,Yellow-headed Blackbird,Carouge ą tźte jaune,Passeriformes,Icteridae,Xanthocephalus,xanthocephalus
1196,04940,Bobolink,Goglu des prés,Passeriformes,Icteridae,Dolichonyx,oryzivorus
1197,05009,Chihuahuan Meadowlark,Sturnelle de Lilian,Passeriformes,Icteridae,Sturnella,lilianae
1198,05010,Eastern Meadowlark,Sturnelle des prés,Passeriformes,Icteridae,Sturnella,magna
1199,05011,Western Meadowlark,Sturnelle de l'Ouest,Passeriformes,Icteridae,Sturnella,neglecta
1200,05012,unid. Meadowlark,unid Sturnelle,Passeriformes,Icteridae,Sturnella,sp.
1208,05060,Orchard Oriole,Oriole des vergers,Passeriformes,Icteridae,Icterus,spurius
1209,05050,Hooded Oriole,Oriole masqué,Passeriformes,Icteridae,Icterus,cucullatus
1213,05080,Bullock's Oriole,Oriole de Bullock,Passeriformes,Icteridae,Icterus,bullockii
1215,05032,Spot-breasted Oriole,Oriole maculé,Passeriformes,Icteridae,Icterus,pectoralis
1216,05031,Altamira Oriole,Oriole ą gros bec,Passeriformes,Icteridae,Icterus,gularis
1217,05030,Audubon's Oriole,Oriole d'Audubon,Passeriformes,Icteridae,Icterus,graduacauda
1218,05070,Baltimore Oriole,Oriole de Baltimore,Passeriformes,Icteridae,Icterus,galbula
1219,05078,hybrid Bullock's Oriole x Baltimore Oriole,hybride Oriole de Baltimore x Oriole de Bullock's,Passeriformes,Icteridae,Icterus,bullockii x galbula
1220,05077,unid. Bullock's Oriole / Baltimore Oriole,unid Oriole de Baltimore / Oriole de Bullock's,Passeriformes,Icteridae,Icterus,bullockii / galbula
1222,05040,Scott's Oriole,Oriole jaune-verdātre,Passeriformes,Icteridae,Icterus,parisorum
1223,04980,Red-winged Blackbird,Carouge ą épaulettes,Passeriformes,Icteridae,Agelaius,phoeniceus
1224,05000,Tricolored Blackbird,Carouge de Californie,Passeriformes,Icteridae,Agelaius,tricolor
1226,04961,Shiny Cowbird,Vacher luisant,Passeriformes,Icteridae,Molothrus,bonariensis
1227,04960,Bronzed Cowbird,Vacher bronzé,Passeriformes,Icteridae,Molothrus,aeneus
1228,04950,Brown-headed Cowbird,Vacher ą tźte brune,Passeriformes,Icteridae,Molothrus,ater
1229,04955,unid. Bronzed Cowbird / Brown-headed Cowbird,unid Vacher bronzé / ą tźte brune,Passeriformes,Icteridae,Molothrus,aeneus / ater
1232,05090,Rusty Blackbird,Quiscale rouilleux,Passeriformes,Icteridae,Euphagus,carolinus
1233,05100,Brewer's Blackbird,Quiscale de Brewer,Passeriformes,Icteridae,Euphagus,cyanocephalus
1234,05110,Common Grackle,Quiscale bronzé,Passeriformes,Icteridae,Quiscalus,quiscula
1235,05130,Boat-tailed Grackle,Quiscale des marais,Passeriformes,Icteridae,Quiscalus,major
1236,05120,Great-tailed Grackle,Quiscale ą longue queue,Passeriformes,Icteridae,Quiscalus,mexicanus
1237,05135,unid. Boat-tailed Grackle / Great-tailed Grackle,unid Quiscale des marais / Quiscale ą longue queue,Passeriformes,Icteridae,Quiscalus,major / mexicanus
1238,06740,Ovenbird,Paruline couronnée,Passeriformes,Parulidae,Seiurus,aurocapilla
1239,06390,Worm-eating Warbler,Paruline vermivore,Passeriformes,Parulidae,Helmitheros,vermivorum
1240,06760,Louisiana Waterthrush,Paruline hochequeue,Passeriformes,Parulidae,Parkesia,motacilla
1241,06750,Northern Waterthrush,Paruline des ruisseaux,Passeriformes,Parulidae,Parkesia,noveboracensis
1242,06420,Golden-winged Warbler,Paruline ą ailes dorées,Passeriformes,Parulidae,Vermivora,chrysoptera
1243,06410,Blue-winged Warbler,Paruline ą ailes bleues,Passeriformes,Parulidae,Vermivora,cyanoptera
1244,06412,Brewster's Warbler (Golden-winged x Blue-winged),Paruline de Brewster,Passeriformes,Parulidae,Vermivora,cyanoptera x chrysoptera
1245,06413,Lawrence's Warbler (Golden-winged x Blue-winged),Paruline de Lawrence,Passeriformes,Parulidae,Vermivora,chrysoptera x cyanoptera
1246,06360,Black-and-white Warbler,Paruline noir et blanc,Passeriformes,Parulidae,Mniotilta,varia
1247,06370,Prothonotary Warbler,Paruline orangée,Passeriformes,Parulidae,Protonotaria,citrea
1248,06380,Swainson's Warbler,Paruline de Swainson,Passeriformes,Parulidae,Limnothlypis,swainsonii
1250,06470,Tennessee Warbler,Paruline obscure,Passeriformes,Parulidae,Leiothlypis,peregrina
1251,06460,Orange-crowned Warbler,Paruline verdātre,Passeriformes,Parulidae,Leiothlypis,celata
1253,06430,Lucy's Warbler,Paruline de Lucy,Passeriformes,Parulidae,Leiothlypis,luciae
1254,06450,Nashville Warbler,Paruline ą joues grises,Passeriformes,Parulidae,Leiothlypis,ruficapilla
1255,06440,Virginia's Warbler,Paruline de Virginia,Passeriformes,Parulidae,Leiothlypis,virginiae
1256,06780,Connecticut Warbler,Paruline ą gorge grise,Passeriformes,Parulidae,Oporornis,agilis
1258,06800,MacGillivray's Warbler,Paruline des buissons,Passeriformes,Parulidae,Geothlypis,tolmiei
1259,06790,Mourning Warbler,Paruline triste,Passeriformes,Parulidae,Geothlypis,philadelphia
1260,06770,Kentucky Warbler,Paruline du Kentucky,Passeriformes,Parulidae,Geothlypis,formosa
1264,06810,Common Yellowthroat,Paruline masquée,Passeriformes,Parulidae,Geothlypis,trichas
1266,06840,Hooded Warbler,Paruline ą capuchon,Passeriformes,Parulidae,Setophaga,citrina
1267,06870,American Redstart,Paruline flamboyante,Passeriformes,Parulidae,Setophaga,ruticilla
1268,06700,Kirtland's Warbler,Paruline de Kirtland,Passeriformes,Parulidae,Setophaga,kirtlandii
1269,06500,Cape May Warbler,Paruline tigrée,Passeriformes,Parulidae,Setophaga,tigrina
1270,06580,Cerulean Warbler,Paruline azurée,Passeriformes,Parulidae,Setophaga,cerulea
1271,06480,Northern Parula,Paruline ą collier,Passeriformes,Parulidae,Setophaga,americana
1272,06490,Tropical Parula,Paruline ą joues noires,Passeriformes,Parulidae,Setophaga,pitiayumi
1273,06570,Magnolia Warbler,Paruline ą tźte cendrée,Passeriformes,Parulidae,Setophaga,magnolia
1274,06600,Bay-breasted Warbler,Paruline ą poitrine baie,Passeriformes,Parulidae,Setophaga,castanea
1275,06620,Blackburnian Warbler,Paruline ą gorge orangée,Passeriformes,Parulidae,Setophaga,fusca
1276,06520,Yellow Warbler,Paruline jaune,Passeriformes,Parulidae,Setophaga,petechia
1277,06590,Chestnut-sided Warbler,Paruline ą flancs marron,Passeriformes,Parulidae,Setophaga,pensylvanica
1278,06610,Blackpoll Warbler,Paruline rayée,Passeriformes,Parulidae,Setophaga,striata
1279,06540,Black-throated Blue Warbler,Paruline bleue,Passeriformes,Parulidae,Setophaga,caerulescens
1280,06720,Palm Warbler,Paruline ą couronne rousse,Passeriformes,Parulidae,Setophaga,palmarum
1281,06710,Pine Warbler,Paruline des pins,Passeriformes,Parulidae,Setophaga,pinus
1282,06550,(Myrtle Warbler) Yellow-rumped Warbler,Paruline ą croupion jaune (groupe coronata),Passeriformes,Parulidae,Setophaga,coronata coronata
1283,06560,(Audubon's Warbler) Yellow-rumped Warbler,Paruline ą croupion jaune (groupe auduboni),Passeriformes,Parulidae,Setophaga,coronata audoboni
1284,06556,(unid. Myrtle / Audubon's) Yellow-rumped Warbler,Par. ą croupion jaune (sous-espčce non identifié),Passeriformes,Parulidae,Setophaga,coronata
1285,06630,Yellow-throated Warbler,Paruline ą gorge jaune,Passeriformes,Parulidae,Setophaga,dominica
1286,06730,Prairie Warbler,Paruline des prés,Passeriformes,Parulidae,Setophaga,discolor
1287,06640,Grace's Warbler,Paruline de Grace,Passeriformes,Parulidae,Setophaga,graciae
1288,06650,Black-throated Gray Warbler,Paruline grise,Passeriformes,Parulidae,Setophaga,nigrescens
1289,06680,Townsend's Warbler,Paruline de Townsend,Passeriformes,Parulidae,Setophaga,townsendi
1290,06690,Hermit Warbler,Paruline ą tźte jaune,Passeriformes,Parulidae,Setophaga,occidentalis
1291,06686,hybrid Townsend's Warbler x Hermit Warbler,hybride Paruline de Townsend x ą tźte jaune,Passeriformes,Parulidae,Setophaga,townsendi x occidentalis
1292,06685,unid. Townsend's Warbler / Hermit Warbler,unid Paruline de Townsend / Paruline ą tźte jaune,Passeriformes,Parulidae,Setophaga,townsendi / occidentalis
1293,06660,Golden-cheeked Warbler,Paruline ą dos noir,Passeriformes,Parulidae,Setophaga,chrysoparia
1294,06670,Black-throated Green Warbler,Paruline ą gorge noire,Passeriformes,Parulidae,Setophaga,virens
1300,06860,Canada Warbler,Paruline du Canada,Passeriformes,Parulidae,Cardellina,canadensis
1301,06850,Wilson's Warbler,Paruline ą calotte noire,Passeriformes,Parulidae,Cardellina,pusilla
1302,06900,Red-faced Warbler,Paruline ą face rouge,Passeriformes,Parulidae,Cardellina,rubrifrons
1305,06880,Painted Redstart,Paruline ą ailes blanches,Passeriformes,Parulidae,Myioborus,pictus
1308,06090,Hepatic Tanager,Piranga orangé,Passeriformes,Cardinalidae,Piranga,flava
1309,06100,Summer Tanager,Piranga vermillon,Passeriformes,Cardinalidae,Piranga,rubra
1310,06080,Scarlet Tanager,Piranga écarlate,Passeriformes,Cardinalidae,Piranga,olivacea
1311,06070,Western Tanager,Piranga ą tźte rouge,Passeriformes,Cardinalidae,Piranga,ludoviciana
1319,05930,Northern Cardinal,Cardinal rouge,Passeriformes,Cardinalidae,Cardinalis,cardinalis
1320,05940,Pyrrhuloxia,Cardinal pyrrhuloxia,Passeriformes,Cardinalidae,Cardinalis,sinuatus
1321,05935,unid. Northern Cardinal / Pyrrhuloxia,unid Cardinal rouge / Cardinal pyrrhuloxia,Passeriformes,Cardinalidae,Cardinalis,cardinalis / sinuatus
1323,05950,Rose-breasted Grosbeak,Cardinal ą poitrine rose,Passeriformes,Cardinalidae,Pheucticus,ludovicianus
1324,05960,Black-headed Grosbeak,Cardinal ą tźte noire,Passeriformes,Cardinalidae,Pheucticus,melanocephalus
1330,05970,Blue Grosbeak,Guiraca bleu,Passeriformes,Cardinalidae,Passerina,caerulea
1331,05990,Lazuli Bunting,Passerin azuré,Passeriformes,Cardinalidae,Passerina,amoena
1332,05980,Indigo Bunting,Passerin indigo,Passeriformes,Cardinalidae,Passerina,cyanea
1333,05986,hybrid Lazuli Bunting x Indigo Bunting,hybride Passerin azuré x Passerin indigo,Passeriformes,Cardinalidae,Passerina,amoena x cyanea
1336,06000,Varied Bunting,Passerin varié,Passeriformes,Cardinalidae,Passerina,versicolor
1337,06010,Painted Bunting,Passerin nonpareil,Passeriformes,Cardinalidae,Passerina,ciris
1338,06040,Dickcissel,Dickcissel d'Amérique,Passeriformes,Cardinalidae,Spiza,americana
